set,model,score,brier,logloss,accuracy,ece,n
handwriting,константа 0.5,0.75,0.25,0.6931471805599454,0.5173333333333333,0.01733333333333331,1500
handwriting,RapidOCR cls,0.7420786282619878,0.25792137173801216,0.8552787195463099,0.6333333333333333,0.16782020954291027,1500
handwriting,учитель,0.9843884010858978,0.015611598914102229,0.05435221232126501,0.9793333333333333,0.01094150614207559,1500
handwriting,учитель + T,0.9840889147353808,0.015911085264619183,0.0574378008795324,0.9793333333333333,0.009872242668299173,1500
handwriting,студент без TTA,0.9353542955889141,0.06464570441108582,0.22220360873964864,0.916,0.024719497317702923,1500
handwriting,студент без TTA + T,0.9348794282157786,0.06512057178422136,0.22337116617637737,0.916,0.01706425340402591,1500
handwriting,студент,0.9467026603118843,0.05329733968811563,0.18529289244619707,0.9293333333333333,0.019290970083417344,1500
handwriting,студент + T,0.9457063590376014,0.054293640962398665,0.19401572398502495,0.9293333333333333,0.01467468379067351,1500
synth,константа 0.5,0.75,0.25,0.6931471805599454,0.49433333333333335,0.00566666666666671,3000
synth,RapidOCR cls,0.9111635682088285,0.08883643179117151,0.29240138806103944,0.8713333333333333,0.05339676272869108,3000
synth,учитель,0.9867289296051476,0.013271070394852416,0.04362877970985097,0.9813333333333333,0.00922976309057169,3000
synth,учитель + T,0.9866574446606028,0.013342555339397167,0.043302160388528514,0.9813333333333333,0.0063986016677094245,3000
synth,студент без TTA,0.9187673405575046,0.08123265944249532,0.2558301579004208,0.8856666666666667,0.015484299559584264,3000
synth,студент без TTA + T,0.9186091610125461,0.08139083898745396,0.25654187423530295,0.8856666666666667,0.01627193496705161,3000
synth,студент,0.9336389728217224,0.06636102717827763,0.21378532936246336,0.905,0.024751354484160677,3000
synth,студент + T,0.9342525977865828,0.06574740221341718,0.20772179381174208,0.905,0.013071590574335263,3000
